Navigating,Twenty One Pilots
Bully Boys,Nathan Evans
I'm Okay,Honest Men
Silhouettes,Colony House
Rise Up,Andrew Peterson
Vanilla Twilight,Owl City
Garden in Manhattan,Josiah Queen
I See Fire,Ed Sheeran
Hotel Walls,Smith & Thell
Hosanna,Andrew Peterson
Out of Tune,Ben Shive
A Sky Full of Stars,Coldplay
Mr. Pinstripe Suit,Big Bad Voodoo Daddy
Tell It Like It Is,The Arcadian Wild
Testify,Wake Low
Addict With A Pen,Twenty One Pilots
Boston,Owl City
creature,half•alive
RUNAWAY,half•alive
Pure Gold,half•alive
Hopeful,Thomas Austin
Photography,Cody Fry
Know It,Trip Lee
The Sower's Song,Andrew Peterson
