Buy Dirt,Jordan Davis;Luke Bryan
(Ghost) Riders in the Sky,Johnny Cash
Watching You,Rodney Atkins
Just to See You Smile,Tim McGraw
Break On Me,Keith Urban
Remember When,Alan Jackson
ABBY,Travis Denning
Life is a Highway,Rascal Flatts
Sweet Home Alabama,Lynyrd Skynyrd
God's Country,Blake Shelton
Big Iron,Marty Robbins
Riding With Private Malone,David Ball
Wild Montana Skies,John Denver;Emmylou Harris
Fields of Gold,The Petersens
It Ain't My Fault,Brothers Osborne
Would You Go With Me,Josh Turner
In Case You Didn't Know,Brett Young
Eyes On You,Chase Rice
Notice,Thomas Rhett
But For The Grace Of God,Keith Urban
Take Me Home, Country Roads,John Denver
Rocky Mountain High,John Denver
This Old Guitar,John Denver
The Boy Who Wouldn't Hoe Corn - Live From The Louisville Palace, Kentucky / 2002,Alison Krauss;Union Station
Home,Phillip Phillips
She Had Me At Heads Carolina,Cole Swindell
New Truck,Dylan Scott
Dear Life,High Valley
Buy A Boy A Baseball,Granger Smith
