Wolves of the Revolution,The Arcadian Wild
Madness,Muse
Wind & Anchor,The National Parks
Mourning the Death of a Dream,Michael Card
Boston,Owl City
The London Air Raids,Vian Izak
I Like You,Ben Rector
Many Roads,Andrew Peterson
Count on Me,Bruno Mars
Steal My Girl,One Direction
Go,Cody Fry
Headlights,The National Parks
Wild and Precious Life,JJ Heller
Old Neptune,He's Roaring
The Blessing (Acoustic),Landon Austin
Thinking out Loud,Ed Sheeran
From Fields From Forests From Far,Ethan Hibbs
Break the Distance,Ashton Edminster
Until I Found You,Stephen Sanchez
Good to Be Alive,Jason Gray
Komm gib mir deine Hand - Remastered 2009,The Beatles
You've Got a Friend in Me,Randy Newman
Be Kind to Yourself,Andrew Peterson
Tell It Like It Is,The Arcadian Wild
It's a Wonderful Life,John Lucas
