joy.,for KING & COUNTRY
Like A Match,TobyMac
This Is Not A Test,TobyMac; Capital Kings
Move (Keep Walkin'),TobyMac
Bulletproof,Citizen Way
Backseat Driver,TobyMac; Hollyn; Tru
Inside Out,Bonray
Live for the Drop,Capital Kings
Ready Set Go (feat. Capital Kings),Royal Tailor; Capital Kings
Til The Day I Die,TobyMac; NF
Scars (Come With Livin'),TobyMac
One More Day,Aaron Cole
Love Feels Like,TobyMac; DC Talk
Northern Sky (feat. KB),Capital Kings; KB
Let It Roll,Group 1 Crew
Into Your Arms,Capital Kings
Right on Time (feat. Tobymac),Aaron Cole; TobyMac
Kings & Queens,Audio Adrenaline
For God Is With Us,for KING & COUNTRY
Church Clap,KB; Lecrae
Born Again - Single Version,Newsboys
Everything,TobyMac
Gotta Live,Tedashii; Jordan Feliz
Miracles,Colton Dixon
20:17 (Raise the Banner),Audio Adrenaline
Born to Live,About A Mile
The River,Jordan Feliz
GOOD DAY,Forrest Frank
Speak Life,TobyMac
Born Again,Austin French
Good Fight,Unspoken
Revolutionary,Josh Wilson
Magnetic,Newsboys
Reason,Unspoken
Made To Love,TobyMac
NEVER GET USED TO THIS (feat. JVKE),Forrest Frank; JVKE
COUNT 'EM,Brandon Lake
Mosaic,Theocracy
I Am Better Than You (3:2-11),Psalmos; Shai Linne
Bird's Eye View,Matthew Parker; Jacob Stanifer
