Psalm 139 (Far Too Wonderful),Shane & Shane
Romans 11 (Doxology),Andrew Peterson
Crown Him with Many Crowns,Shane & Shane
Sunday Is Coming,Phil Wickham
Endless Praise,Planetshakers
How Rich a Treasure We Possess,Matt Boswell
The Sower's Song,Andrew Peterson
Living Hope,Phil Wickham
Battle Belongs,Phil Wickham
This Is Amazing Grace,Phil Wickham
Your Name,Phil Wickham; Paul Baloche
Hymn Of Heaven,Phil Wickham
Praise You In This Storm,Casting Crowns
Voice of Truth,Casting Crowns
Blessed Be Your Name,Matt Redman
"Lord, I Need You",Matt Maher
"10,000 Reasons (Bless The Lord) - Radio Version/Live",Matt Redman
Who Am I,Casting Crowns
At The Cross (Love Ran Red),Chris Tomlin
Death Was Arrested,North Point Worship; Seth Condrey
Yet Not I but Through Christ in Me,CityAlight
I Can Only Imagine,MercyMe
How He Loves,David Crowder Band
How Great Is Our God,Chris Tomlin
In Christ Alone,Keith & Kristyn Getty
Glorious Day (Living He Loved Me),Casting Crowns
Only Jesus,Casting Crowns
Our God,Chris Tomlin
Your Grace Is Enough,Matt Maher
Word of God Speak,MercyMe
Courageous,Casting Crowns
Whom Shall I Fear (God Of Angel Armies),Chris Tomlin
"Hello, My Name Is",Matthew West
Open The Eyes Of My Heart - Live,Michael W. Smith
Just Be Held,Casting Crowns
Redeemed,Big Daddy Weave
Above All,Michael W. Smith
Kings & Queens,Audio Adrenaline
Give Me Your Eyes,Brandon Heath
Blessings,Laura Story
There Will Be A Day,Jeremy Camp
Behold Our God,Sovereign Grace Music
Mighty to Save,Laura Story
Better Is One Day,Matt Redman
Grace Wins,Matthew West
Overwhelmed,Big Daddy Weave
Because He Lives (Amen),Matt Maher
Broken Things,Matthew West
He Reigns,Newsboys
The Heart Of Worship,Matt Redman
"Psalm 23 (Surely Goodness, Surely Mercy)",Shane & Shane
Psalm 46 (Lord of Hosts),Shane & Shane
All Hail King Jesus,Jeremy Riddle
Great Things,Phil Wickham
As the Deer,Shane & Shane
Tis So Sweet,Shane & Shane
Christ Be Magnified,Cody Carnes
Christ the Sure and Steady Anchor,Matt Boswell
Greater,MercyMe
His Mercy Is More,Matt Boswell; Matt Papa
Loving My Jesus,Casting Crowns
Good Good Father,Chris Tomlin
Build Your Kingdom Here,Rend Collective
Counting Every Blessing,Rend Collective
Psalm 34 (Live),The Brooklyn Tabernacle Choir
Before the Throne of God Above,Shane & Shane
I Will Rise,Chris Tomlin
Holy Is the Lord - Arriving Album Version,Chris Tomlin
Reason I Sing,Phil Wickham
Goodness of God - Radio Version,Jen Johnson
You Never Let Go,Matt Redman
Never Once,Matt Redman
Son of Suffering - Single Version,Matt Redman
The God Who Stays,Matthew West
Be Thou My Vision,Audrey Assad
You’re Already Won - Radio Version,Shane & Shane
Holy Forever,Chris Tomlin
Your Great Name,Shane & Shane
Indescribable,Chris Tomlin
Everlasting God,Chris Tomlin
I Will Follow,Chris Tomlin
All Sufficient Merit - Live,Shane & Shane
Where I Belong,Building 429
Sound of the Saints,Audio Adrenaline
King of My Heart,Kutless
I Believe,Phil Wickham
This Is Our God,Phil Wickham
Run And Run (Christ Is All My Righteousness) - Live,Matt Boswell; Matt Papa
Psalm 150 (Praise The Lord),Matt Boswell; Matt Papa
Lord From Sorrows Deep I Call (Psalm 42),Matt Boswell; Matt Papa
Awake My Soul (Psalm 57),The Worship Initiative; Writers Well; Shane & Shane; Mac Hays
Garden in Manhattan,Josiah Queen
Firm Foundation (He Won't),Cody Carnes
"Jesus, Thank You",Sovereign Grace Music; Brook Hills Music
God Is for Us,CityAlight
Come Behold The Wondrous Mystery,The Gray Havens
God of Wonders,Third Day
Confidence,Sanctus Real
Lion and the Lamb,Leeland
Speak Life,TobyMac
Glorious Day - Radio Version,Passion; Kristian Stanfill
Evidence,Josh Baldwin
"Lord, I Need You - Live",Passion; Chris Tomlin
You've Already Won - Live,Shane & Shane
Only a Holy God,CityAlight
Ancient Of Days,CityAlight
O Come to the Altar (Radio Version),Elevation Worship
RATTLE! (Live),Elevation Worship
We Believe,Newsboys
Here I Am To Worship,Jeremy Camp
Goodness of God,Triumphant Quartet
Christus Victor (Amen),Bryan Fowler; Terrian
Sign of the Son,Simon Khorolskiy
And Can It Be,GLAD
"Come, Let Us Return To The Lord",Matt Boswell; Cochren & Co.; Matt Papa
How Great Is The Greatness Of God - Live,Matt Boswell; Bryan Fowler; Matt Papa; Sing!
